Category,Variant,OA,AA,Kappa,F1,Drop_OA_pct
Component-Wise,Spectral Only,0.5682,0.5677,0.5141,0.5698,-12.88
Component-Wise,Single-Scale Morphology,0.5833,0.5831,0.5311,0.5858,-11.37
Component-Wise,Morphology Only,0.6136,0.6132,0.5652,0.6156,-8.34
Component-Wise,No Gating,0.6439,0.6439,0.5993,0.6463,-5.31
Component-Wise,No Cross-Attention,0.6515,0.6513,0.6078,0.6545,-4.55
Component-Wise,Reduced Fusion (N=1),0.6667,0.6667,0.6249,0.6694,-3.03
Replacement,Conv Replacement (3x3),0.6364,0.6354,0.5908,0.6363,-6.06
Replacement,Gabor Filters,0.6591,0.6587,0.6164,0.6615,-3.79
Replacement,Spatial Attention,0.6742,0.673,0.6334,0.6744,-2.28
Reference,Full MORSE,0.697,0.6963,0.659,0.6984,0.0
