parameter,value,seed,test_samples,correct,OA
Fusion blocks N,1,0,132,86,0.6515
Fusion blocks N,1,1,132,87,0.6591
Fusion blocks N,1,2,132,88,0.6667
Fusion blocks N,2 (default),0,132,89,0.6742
Fusion blocks N,2 (default),1,132,92,0.697
Fusion blocks N,2 (default),2,132,94,0.7121
Fusion blocks N,3,0,132,90,0.6818
Fusion blocks N,3,1,132,92,0.697
Fusion blocks N,3,2,132,92,0.697
Fusion blocks N,4,0,132,88,0.6667
Fusion blocks N,4,1,132,89,0.6742
Fusion blocks N,4,2,132,90,0.6818
Base width d,16,0,132,84,0.6364
Base width d,16,1,132,85,0.6439
Base width d,16,2,132,86,0.6515
Base width d,32 (default),0,132,89,0.6742
Base width d,32 (default),1,132,92,0.697
Base width d,32 (default),2,132,94,0.7121
Base width d,64,0,132,90,0.6818
Base width d,64,1,132,92,0.697
Base width d,64,2,132,92,0.697
Radii set R,{1},0,132,87,0.6591
Radii set R,{1},1,132,89,0.6742
Radii set R,{1},2,132,89,0.6742
Radii set R,"{1, 2}",0,132,90,0.6818
Radii set R,"{1, 2}",1,132,91,0.6894
Radii set R,"{1, 2}",2,132,91,0.6894
Radii set R,"{1, 2, 4} (default)",0,132,89,0.6742
Radii set R,"{1, 2, 4} (default)",1,132,92,0.697
Radii set R,"{1, 2, 4} (default)",2,132,94,0.7121
Radii set R,"{1, 2, 4, 8}",0,132,90,0.6818
Radii set R,"{1, 2, 4, 8}",1,132,92,0.697
Radii set R,"{1, 2, 4, 8}",2,132,92,0.697
