Dataset,Model,Params_M,OA,AA,Kappa,F1,correct,n
skin,MORSE,0.3416,0.5227,0.5195,0.462,0.506,69,132
skin,ResNet-50,23.5265,0.5227,0.5136,0.4619,0.5073,69,132
skin,ConvNeXt-Tiny,27.827,0.4697,0.4582,0.4017,0.4473,62,132
skin,RegNetY-040,19.5675,0.6212,0.6229,0.5738,0.6162,82,132
skin,ViT-S,21.6691,0.3409,0.3309,0.2566,0.303,45,132
skin,DeiT-S,21.6691,0.3409,0.3309,0.2566,0.303,45,132
skin,Swin-T,27.5263,0.2273,0.2181,0.1268,0.12,30,132
skin,MaxViT-T,30.4081,0.4394,0.4312,0.3678,0.4077,58,132
skin,MambaVision-T,31.8,0.5379,0.5302,0.4789,0.4962,71,132
nail,MORSE,0.3408,0.8545,0.8547,0.7668,0.8605,188,220
nail,ResNet-50,23.5142,0.8818,0.8652,0.8077,0.8803,194,220
nail,ConvNeXt-Tiny,27.8224,0.7773,0.7756,0.6505,0.7543,171,220
nail,RegNetY-040,19.5609,0.9,0.8996,0.8394,0.9026,198,220
nail,ViT-S,21.6668,0.65,0.6027,0.4142,0.6162,143,220
nail,DeiT-S,21.6668,0.65,0.6027,0.4142,0.6162,143,220
nail,Swin-T,27.5217,0.4909,0.3333,0,0.2195,108,220
nail,MaxViT-T,30.4051,0.8545,0.8668,0.7701,0.8621,188,220
nail,MambaVision-T,31.7962,0.7182,0.6992,0.5503,0.6874,158,220
eye,MORSE,0.3409,0.8436,0.8397,0.7912,0.8381,534,633
eye,ResNet-50,23.5162,0.8436,0.8399,0.7913,0.8372,534,633
eye,ConvNeXt-Tiny,27.8232,0.7172,0.7127,0.6226,0.7112,454,633
eye,RegNetY-040,19.562,0.8468,0.8428,0.7955,0.8386,536,633
eye,ViT-S,21.6672,0.4344,0.4277,0.243,0.3848,275,633
eye,DeiT-S,21.6672,0.4344,0.4277,0.243,0.3848,275,633
eye,Swin-T,27.5224,0.2954,0.3046,0.0713,0.2062,187,633
eye,MaxViT-T,30.4056,0.5039,0.4958,0.3351,0.4495,319,633
eye,MambaVision-T,31.7968,0.782,0.7783,0.7091,0.7782,495,633
alzheimers,MORSE,0.3409,0.9277,0.9331,0.9034,0.9317,6123,6600
alzheimers,ResNet-50,23.5162,0.9732,0.9751,0.9641,0.9742,6423,6600
alzheimers,ConvNeXt-Tiny,27.8232,0.8864,0.8876,0.848,0.8874,5850,6600
alzheimers,RegNetY-040,19.562,0.9806,0.9819,0.9741,0.9813,6472,6600
alzheimers,ViT-S,21.6672,0.4689,0.4647,0.2908,0.4441,3095,6600
alzheimers,DeiT-S,21.6672,0.4689,0.4647,0.2908,0.4441,3095,6600
alzheimers,Swin-T,27.5224,0.2909,0.25,0,0.1127,1920,6600
alzheimers,MaxViT-T,30.4056,0.9745,0.9758,0.9659,0.9757,6432,6600
alzheimers,MambaVision-T,31.7968,0.9485,0.9505,0.9311,0.9505,6260,6600
