Dataset,Model,Pretrain,OA,F1,correct,n
skin,RegNetY-040,random_init,0.6212,0.6162,82,132
skin,RegNetY-040,imagenet,0.6818,0.6761,90,132
skin,MambaVision-T,random_init,0.5379,0.4962,71,132
skin,MambaVision-T,imagenet,0.6667,0.6614,88,132
skin,MaxViT-T,random_init,0.4394,0.4077,58,132
skin,MaxViT-T,imagenet,0.7955,0.8007,105,132
skin,ResNet-50,radimagenet,0.7045,0.7054,93,132
skin,MORSE,random_init,0.5227,0.506,69,132
nail,RegNetY-040,random_init,0.9,0.9026,198,220
nail,RegNetY-040,imagenet,0.8955,0.8969,197,220
nail,MambaVision-T,random_init,0.7182,0.6874,158,220
nail,MambaVision-T,imagenet,0.9045,0.9076,199,220
nail,MaxViT-T,random_init,0.8545,0.8621,188,220
nail,MaxViT-T,imagenet,0.9591,0.9616,211,220
nail,ResNet-50,radimagenet,0.9591,0.9577,211,220
nail,MORSE,random_init,0.8545,0.8605,188,220
eye,RegNetY-040,random_init,0.8468,0.8386,536,633
eye,RegNetY-040,imagenet,0.8768,0.8719,555,633
eye,MambaVision-T,random_init,0.782,0.7782,495,633
eye,MambaVision-T,imagenet,0.8452,0.8413,535,633
eye,MaxViT-T,random_init,0.5039,0.4495,319,633
eye,MaxViT-T,imagenet,0.8799,0.8746,557,633
eye,ResNet-50,radimagenet,0.8942,0.8921,566,633
eye,MORSE,random_init,0.8436,0.8381,534,633
alzheimers,RegNetY-040,random_init,0.9806,0.9813,6472,6600
alzheimers,RegNetY-040,imagenet,0.997,0.9971,6580,6600
alzheimers,MambaVision-T,random_init,0.9485,0.9505,6260,6600
alzheimers,MambaVision-T,imagenet,0.9974,0.9975,6583,6600
alzheimers,MaxViT-T,random_init,0.9745,0.9757,6432,6600
alzheimers,MaxViT-T,imagenet,0.998,0.9982,6587,6600
alzheimers,ResNet-50,radimagenet,0.9976,0.9977,6584,6600
alzheimers,MORSE,random_init,0.9277,0.9317,6123,6600
