Model,Params_M,FLOPs_G,PeakMem_GB,Train_s_per_epoch,Latency_ms,GPU
morse,0.342,13.464,0.579,4.7,2.24,NVIDIA L40S
resnet50,23.526,8.263,0.616,2.6,2.72,NVIDIA L40S
convnext_tiny,27.827,8.91,0.766,3.0,2.68,NVIDIA L40S
regnety_040,19.567,7.945,0.658,3.8,6.18,NVIDIA L40S
vit_small,21.669,8.482,0.517,2.5,2.75,NVIDIA L40S
deit_small,21.669,8.482,0.518,2.3,2.76,NVIDIA L40S
swin_tiny,27.526,8.742,0.981,3.8,4.89,NVIDIA L40S
maxvit_tiny,30.408,10.665,1.346,6.3,12.43,NVIDIA L40S
mambavision_t,31.8,8.942,0.884,3.7,5.19,NVIDIA L40S
