Category,Variant,Correct_out_of_132,OA,Drop_OA_pts
Component-Wise,Morphology Only,81,0.6136,-8.34
Component-Wise,Spectral Only,75,0.5682,-12.88
Component-Wise,Single-Scale Morphology,77,0.5833,-11.37
Component-Wise,No Gating,85,0.6439,-5.31
Component-Wise,No Cross-Attention,86,0.6515,-4.55
Component-Wise,Reduced Fusion (N=1),88,0.6667,-3.03
Replacement,Gabor Filters,87,0.6591,-3.79
Replacement,Spatial Attention,89,0.6742,-2.28
Replacement,Conv Replacement (3x3),84,0.6364,-6.06
Reference,Full MORSE,92,0.6970,0.00
